{
  "Popularity Precision@5": 0.002,
  "Popularity Recall@5": 0.0016666666666666666,
  "Popularity Ndcg@5": 0.0033916020527361614,
  "Popularity Precision@10": 0.001,
  "Popularity Recall@10": 0.0016666666666666666,
  "Popularity Ndcg@10": 0.0030260241349881352,
  "Popularity MAP@10": 0.0016666666666666666,
  "FAISS KNN Precision@5": 0.002,
  "FAISS KNN Recall@5": 0.0016666666666666666,
  "FAISS KNN Ndcg@5": 0.0013120507751234179,
  "FAISS KNN Precision@10": 0.0034999999999999996,
  "FAISS KNN Recall@10": 0.005833333333333333,
  "FAISS KNN Ndcg@10": 0.0035404916503402463,
  "FAISS KNN MAP@10": 0.0009384920634920635,
  "NeuMF Precision@5": 0.005,
  "NeuMF Recall@5": 0.004166666666666667,
  "NeuMF Ndcg@5": 0.0045660054229268885,
  "NeuMF Precision@10": 0.0034999999999999996,
  "NeuMF Recall@10": 0.005833333333333333,
  "NeuMF Ndcg@10": 0.004988500294789645,
  "NeuMF MAP@10": 0.0018888888888888887,
  "SASRec Precision@5": 0.005,
  "SASRec Recall@5": 0.004166666666666667,
  "SASRec Ndcg@5": 0.005127625807874592,
  "SASRec Precision@10": 0.0034999999999999996,
  "SASRec Recall@10": 0.005833333333333333,
  "SASRec Ndcg@10": 0.005569331146065572,
  "SASRec MAP@10": 0.0022685185185185182
}