{
  "16": {
    "final_loss": 0.48211417208283636,
    "ndcg@10": 0.009185693321326101
  },
  "32": {
    "final_loss": 0.43395528904462266,
    "ndcg@10": 0.005950154700534794
  },
  "64": {
    "final_loss": 0.39384509597794487,
    "ndcg@10": 0.008316137452069251
  },
  "128": {
    "final_loss": 0.36310252749313743,
    "ndcg@10": 0.009924535974323
  },
  "256": {
    "final_loss": 0.3134168952198352,
    "ndcg@10": 0.009022396258684617
  }
}